-- =============================================================
-- シードデータ: テスト用ダミーデータ
-- =============================================================
-- デモ・テスト用のサンプルデータ。機密情報は含まない。
-- 2つのテナント、複数ユーザー、プロジェクト、タスク、
-- およびベクトルデータを挿入する。
-- =============================================================

-- ------------------------------------------------------------
-- テナント
-- ------------------------------------------------------------
INSERT INTO tenants (id, name, slug, plan) VALUES
  ('a0000000-0000-0000-0000-000000000001', 'Acme Corporation', 'acme-corp', 'pro'),
  ('b0000000-0000-0000-0000-000000000002', 'Demo Startup', 'demo-startup', 'free');

-- ------------------------------------------------------------
-- ユーザー（Acme Corporation）
-- ------------------------------------------------------------
INSERT INTO users (id, tenant_id, email, name, role) VALUES
  ('u0000000-0000-0000-0000-000000000001', 'a0000000-0000-0000-0000-000000000001',
   'tanaka@example.com', '田中太郎', 'owner'),
  ('u0000000-0000-0000-0000-000000000002', 'a0000000-0000-0000-0000-000000000001',
   'suzuki@example.com', '鈴木花子', 'admin'),
  ('u0000000-0000-0000-0000-000000000003', 'a0000000-0000-0000-0000-000000000001',
   'sato@example.com', '佐藤一郎', 'member');

-- ユーザー（Demo Startup）
INSERT INTO users (id, tenant_id, email, name, role) VALUES
  ('u0000000-0000-0000-0000-000000000004', 'b0000000-0000-0000-0000-000000000002',
   'yamada@example.com', '山田次郎', 'owner'),
  ('u0000000-0000-0000-0000-000000000005', 'b0000000-0000-0000-0000-000000000002',
   'watanabe@example.com', '渡辺美咲', 'member');

-- ------------------------------------------------------------
-- プロジェクト
-- ------------------------------------------------------------
INSERT INTO projects (id, tenant_id, name, description, status) VALUES
  ('p0000000-0000-0000-0000-000000000001', 'a0000000-0000-0000-0000-000000000001',
   'Web Redesign', '企業サイトのリニューアルプロジェクト', 'active'),
  ('p0000000-0000-0000-0000-000000000002', 'a0000000-0000-0000-0000-000000000001',
   'Mobile App v2', 'モバイルアプリの v2 開発', 'active'),
  ('p0000000-0000-0000-0000-000000000003', 'b0000000-0000-0000-0000-000000000002',
   'MVP Development', '初期プロダクトの開発', 'active');

-- ------------------------------------------------------------
-- プロジェクトメンバー
-- ------------------------------------------------------------
INSERT INTO project_members (project_id, user_id, role) VALUES
  ('p0000000-0000-0000-0000-000000000001', 'u0000000-0000-0000-0000-000000000001', 'owner'),
  ('p0000000-0000-0000-0000-000000000001', 'u0000000-0000-0000-0000-000000000002', 'editor'),
  ('p0000000-0000-0000-0000-000000000001', 'u0000000-0000-0000-0000-000000000003', 'member'),
  ('p0000000-0000-0000-0000-000000000002', 'u0000000-0000-0000-0000-000000000001', 'owner'),
  ('p0000000-0000-0000-0000-000000000002', 'u0000000-0000-0000-0000-000000000003', 'editor'),
  ('p0000000-0000-0000-0000-000000000003', 'u0000000-0000-0000-0000-000000000004', 'owner'),
  ('p0000000-0000-0000-0000-000000000003', 'u0000000-0000-0000-0000-000000000005', 'member');

-- ------------------------------------------------------------
-- タスク
-- ------------------------------------------------------------
INSERT INTO tasks (id, tenant_id, project_id, assignee_id, title, description, status, priority, due_date) VALUES
  ('t0000000-0000-0000-0000-000000000001', 'a0000000-0000-0000-0000-000000000001',
   'p0000000-0000-0000-0000-000000000001', 'u0000000-0000-0000-0000-000000000002',
   'デザインカンプ作成', 'トップページとサービスページのデザインカンプを作成する', 'done', 'high', '2025-04-15'),
  ('t0000000-0000-0000-0000-000000000002', 'a0000000-0000-0000-0000-000000000001',
   'p0000000-0000-0000-0000-000000000001', 'u0000000-0000-0000-0000-000000000003',
   'フロントエンド実装', 'Next.js でのフロントエンド実装', 'in_progress', 'high', '2025-05-15'),
  ('t0000000-0000-0000-0000-000000000003', 'a0000000-0000-0000-0000-000000000001',
   'p0000000-0000-0000-0000-000000000001', 'u0000000-0000-0000-0000-000000000003',
   'API エンドポイント設計', 'バックエンド API の設計と実装', 'todo', 'medium', '2025-05-30'),
  ('t0000000-0000-0000-0000-000000000004', 'a0000000-0000-0000-0000-000000000001',
   'p0000000-0000-0000-0000-000000000002', 'u0000000-0000-0000-0000-000000000001',
   'React Native セットアップ', '開発環境のセットアップとプロジェクト初期化', 'done', 'urgent', '2025-03-31'),
  ('t0000000-0000-0000-0000-000000000005', 'b0000000-0000-0000-0000-000000000002',
   'p0000000-0000-0000-0000-000000000003', 'u0000000-0000-0000-0000-000000000004',
   'ユーザー認証機能', 'Supabase Auth を使った認証機能の実装', 'in_progress', 'high', '2025-04-20');

-- 子タスク
INSERT INTO tasks (id, tenant_id, project_id, assignee_id, parent_task_id, title, status, priority) VALUES
  ('t0000000-0000-0000-0000-000000000006', 'a0000000-0000-0000-0000-000000000001',
   'p0000000-0000-0000-0000-000000000001', 'u0000000-0000-0000-0000-000000000003',
   't0000000-0000-0000-0000-000000000002',
   'コンポーネント設計', 'in_progress', 'high'),
  ('t0000000-0000-0000-0000-000000000007', 'a0000000-0000-0000-0000-000000000001',
   'p0000000-0000-0000-0000-000000000001', 'u0000000-0000-0000-0000-000000000003',
   't0000000-0000-0000-0000-000000000002',
   'レスポンシブ対応', 'todo', 'medium');

-- ------------------------------------------------------------
-- ドキュメント（ベクトルデータ付き）
-- embedding は 1536 次元のダミーベクトル（先頭数要素のみ値を入れ、残りは0）
-- ------------------------------------------------------------
INSERT INTO documents (id, tenant_id, project_id, author_id, title, content, embedding) VALUES
  ('d0000000-0000-0000-0000-000000000001', 'a0000000-0000-0000-0000-000000000001',
   'p0000000-0000-0000-0000-000000000001', 'u0000000-0000-0000-0000-000000000001',
   '技術選定メモ',
   'Next.js 14 App Router を採用。理由: RSC によるパフォーマンス向上、Vercel との親和性、チームの習熟度。',
   ('[0.1, 0.2, 0.3, 0.05, -0.1' || repeat(', 0.0', 1531) || ']')::vector),
  ('d0000000-0000-0000-0000-000000000002', 'a0000000-0000-0000-0000-000000000001',
   'p0000000-0000-0000-0000-000000000001', 'u0000000-0000-0000-0000-000000000002',
   'デザインガイドライン',
   'カラーパレット、タイポグラフィ、スペーシングルールを定義。Tailwind CSS のカスタムテーマとして実装。',
   ('[0.15, 0.25, 0.1, 0.08, -0.05' || repeat(', 0.0', 1531) || ']')::vector),
  ('d0000000-0000-0000-0000-000000000003', 'a0000000-0000-0000-0000-000000000001',
   'p0000000-0000-0000-0000-000000000002', 'u0000000-0000-0000-0000-000000000001',
   'モバイルアプリ設計方針',
   'React Native + Expo を採用。OTA アップデート対応、プッシュ通知は Expo Notifications を使用。',
   ('[0.08, 0.18, 0.35, 0.12, -0.08' || repeat(', 0.0', 1531) || ']')::vector),
  ('d0000000-0000-0000-0000-000000000004', 'b0000000-0000-0000-0000-000000000002',
   'p0000000-0000-0000-0000-000000000003', 'u0000000-0000-0000-0000-000000000004',
   'MVP スコープ定義',
   '初期リリースではユーザー認証、プロジェクト管理、タスク管理の3機能に絞る。ベクトル検索は v2 で対応。',
   ('[0.2, 0.1, 0.15, 0.07, -0.12' || repeat(', 0.0', 1531) || ']')::vector);
